LM_ID,LM_DT,LM_SESSION_ID,MENU_ID,USER_ID
0,2022-03-05 12:12:00,09C89EF33B6F47BC9FD664B150467779,4,2
1,2022-08-23 12:23:00,7E53EDF9521C464CBB6686ADC5096A32,3,1
2,2024-09-26 09:24:00,4316040FE2F0431DA52E3913DF5CFDA8,4,3
3,2023-04-05 11:23:00,C8891967EA9F4ABA85DA4E9D7B77D4F6,4,3
4,2024-02-21 21:52:00,C6314411F38B452B9A5822ECFA0F346D,0,4
5,2024-05-31 23:47:00,1AF505BE095B4382ABEFAAFD9382EE5A,4,1
6,2024-09-16 20:49:00,829956F84D284D11B128C0B7DCE216C9,2,1
7,2023-07-28 01:15:00,F0B399C126FD42869D2F732B88A7334C,3,1
8,2023-12-09 01:27:00,BC3D8EA925014ACD8271B570A285482B,1,4
9,2025-03-18 01:42:00,5AA01C1F16754C85AFA163DFF470D0CE,2,1
10,2024-02-02 10:29:00,CFD36C7D6B704D5683C3EB78D9A5D45A,0,1
11,2022-03-07 01:32:00,ACBED04540C24090A29A78C1AB874C88,2,4
12,2022-01-30 08:28:00,20FD6AB882BC42A7B0806321674CBEEA,4
13,2023-01-29 11:36:00,6873DE79612D48D6AAD3EE296FBA2A18,0,1
14,2024-07-27 19:45:00,8904C6FF1AD64EBCBC1AC4F682620CB2,3,4
15,2023-03-26 15:32:00,940238F9F7B94E649A38D643625AB4EB,2,4
16,2022-09-11 01:19:00,E373B7CC545F45ACAA5F3AA8D7099BAC,0
17,2023-06-27 14:11:00,00FC736202CF470390DC30754309C7F9,2
18,2024-12-04 04:06:00,27CFE0BF57CD40CB9013B4F5A36F8C8F,1,3
19,2023-08-09 09:10:00,47A2622126684710B059119B82B2592D,3
20,2022-04-13 07:19:00,FB3D883B32C64B659935836F7509EFBE,3
21,2022-11-27 19:17:00,521A79419D6F4B629E3D638E2251A66B,1,1
22,2022-08-24 11:52:00,FC8D0BD5093A4AE7A2D800E2E1DA0545,4
23,2024-02-16 03:40:00,BFB0AA22B33B4119A4E5DCA850FAD601,4,4
24,2022-08-29 05:15:00,C303966994D540F48AC95D4200533D4A,1,3
25,2022-06-24 15:55:00,ECCA212C1C5A4A309CCD05ADADBF4350,3
26,2024-05-07 16:37:00,59429D3F69F24D6588B52F8C03E0B795,2,4
27,2023-09-18 20:52:00,FF28D7D947C141439C3F377863A46806,0,1
28,2024-02-05 05:56:00,6E7B0FA20DDA41919749CF10B9E6A92F,3,2
29,2024-04-07 17:46:00,595957C17A4344E483BC7E1C4C70915A,4,3
30,2022-11-24 05:01:00,3985A86E5B654393B5060FBBF0CB17C7,3
31,2023-01-20 17:28:00,8AEB59BAA2CB4E5AA6A72215225402C9,3,1
32,2023-04-19 22:03:00,81C0B53F77F44C7DA482C8520A3E7CB5,1,3
33,2024-11-05 09:02:00,0FFA149F8A8F4BC881657ED5CCF8848C,0,4
34,2022-04-21 13:42:00,A8B9BB92261241C4AC65F8AF4414B597,2,3
35,2024-05-05 22:31:00,F94A2253FA4141508B06F42A0DDA8803,0,3
36,2023-01-18 14:51:00,16038B7804AA4009B8CEF742CA9A460C,2,2
37,2022-07-26 01:27:00,CB7AD1D977E14287883F9928A25CDDBE,3,4
38,2024-03-19 06:29:00,2FC71898128E41D092134FEE17E86EB7,4
39,2024-04-22 06:56:00,BD8F22CB6B824F34891173B37722864B,2,3
40,2023-12-06 02:26:00,8E40D5C5C322443D8D3D948F8B3E8411,1,4
41,2025-04-06 03:42:00,3D2A20F71F2442B78B6E3A24DA321384,0,2
42,2024-09-05 20:49:00,5136563C67654E35AE04CB95875B4BB5,0,1
43,2023-12-19 02:12:00,E4EE18F81DD3448BB3369B8B16735D5E,3,1
44,2022-07-21 22:59:00,1C76FE401CFE42AF90CDCDEB03A64449,4,1
45,2024-08-23 20:31:00,11F71A6B0F904314916BFB53F2D24F9C,2,2
46,2024-01-11 11:17:00,E76DC6977F544E88A22B378185DB19B4,4,3
47,2023-09-24 23:34:00,D050D98812B6448E976282A67FC41D75,1,2
48,2024-02-07 01:19:00,597115C35D174D1F89124D6427060543,1,2
49,2023-05-17 20:42:00,74CACF20FA174240A2A629581CD220EE,1,1
50,2022-06-14 06:23:00,FD3E7C15D90448A9B32DD06F193576C2,0,2
51,2025-04-30 13:04:00,E4598DAF96C843FFAB8ED56FCB05E1CD,3,1
52,2022-02-17 19:25:00,8DD55969B2B841ED9F4BCEA32B64E700,1
53,2022-05-10 10:28:00,D879251C698D40D3997A3F120A0DA661,0
54,2022-06-04 13:18:00,FFCD4A8C6E97462EA16C68A1197F22C9,4,1
55,2024-01-15 10:49:00,40FE2A1D34D444009351933564B95E46,0
56,2025-03-05 11:21:00,45EBA115ADAB4E239377593ECE69EA0E,1,4
57,2023-05-28 09:02:00,6FDBAE29DDD6499F9AC8703FA2B6A002,1,1
58,2022-12-26 21:06:00,43A9C5AF211D4C589C43D67B96480EB8,1,1
59,2022-02-06 21:09:00,C30DD91D8B0A42ABB704BCF802C84D96,4,1
60,2023-11-02 20:36:00,1B2324EFFEA24992AA0EAF317BB59F0F,2,3
61,2024-08-27 05:36:00,E149617DA0854B879CB015D46B974548,4,3
62,2023-02-10 05:43:00,85E2C4AAE49F41E6B43A535BD9FC1981,1,1
63,2024-02-24 12:06:00,57AAFBE58B7648B09F5B6160EFAAB025,1
64,2025-05-09 01:06:00,4799B81218DE4E4280B8A89E3E76293E,3,4
65,2025-04-22 00:04:00,2557934D06774A54BE349C6AC0F72B66,4
66,2023-04-23 19:28:00,22A483DBF78D4F368FA2AB2C43A5C151,0,1
67,2023-07-06 15:15:00,1C7C4C6FBCFE4B5090A349B551C69DF8,1,3
68,2023-04-14 06:28:00,E2B4B7A644774FE3B5135E898D637D41,1,4
69,2023-01-11 03:12:00,B3436A8C56954398A3A5D6D12C88F30A,4,2
70,2023-08-09 12:21:00,E766C1F4BFCF4C46A49E9480B35A06B6,2
71,2023-09-06 22:40:00,F2B0F800B41B48BAAD31A4FCE9B26BE4,4,2
72,2022-04-05 04:38:00,ED2292218E81439B900AA4883118563D,2,4
73,2024-09-07 00:49:00,471821C7F38C42CF930568D5438FE9B6,4,3
74,2024-05-26 02:55:00,A3232C969B49428DA2696CCE58B4E082,4,1
75,2025-05-28 03:12:00,038AC1FC21A24BE8B2302EFF712DC873,0,2
76,2024-12-30 05:10:00,4BAF2B0E67174DB48C500AE40784D8C4,4
77,2025-03-29 12:42:00,7D2AFD5B45AE4EA3B6F7790D5528562E,1,1
78,2025-05-12 00:40:00,D1FF4549EF254CD1B4348C98643F148B,3
79,2022-02-13 18:46:00,E062CBA5BA0D406EAB9DB6C13D496EF1,3
80,2023-08-06 01:05:00,1D1470070A854373AD67FE6C545E9107,4,3
81,2024-07-08 04:12:00,9BA2DFC696684027B0CE6D4F9FC1E8DE,2,3
82,2024-05-04 20:47:00,6AB8F057C48A44ED82A9C016639903B7,4,1
83,2024-06-06 20:56:00,5A6D3141E0D64A9DABF99A00F9157B95,2,4
84,2023-10-22 03:40:00,9F8FD4FBC2F144CC84C832B2763141D4,3,2
85,2023-06-04 10:12:00,83F41FBF96ED46F3966944961BE29C3F,0,3
86,2024-04-22 10:58:00,1CD2D32283D54D74B466183E9614C7B2,1,1
87,2024-11-16 07:28:00,29AD2D87E19D40378EC92F7FDDF72284,2,4
88,2022-01-24 17:35:00,CBD267CA5BBC4F15998C6036C8599EBF,0,4
89,2022-04-03 08:05:00,90FB28B8836F4DE4AC24B21640A87C72,0,2
90,2024-04-08 04:44:00,B93E6F8761624128B5FEE71BDA2189D6,2
91,2023-06-19 04:33:00,0A7A7B7501A44E589A97B5B13C3202A6,2
92,2023-07-19 23:52:00,F82EADFAF7BE4CE3B4C94199394F8B3D,2,1
93,2023-12-22 20:43:00,D67E9097B2D144BA92B3EC4BE86CC38C,4,2
94,2024-10-28 09:49:00,7A62AC124E784AD1B68377648AE619CA,0,2
95,2024-12-05 10:49:00,C713B29CF6A54775A20DD61BA256130E,3,4
96,2022-07-01 13:30:00,B40EACA746FA4252B8542306F114D0B4,0
97,2022-03-23 23:15:00,A568BBEBCDD4493B88798A44D5A403A5,1
98,2024-06-16 11:08:00,833D2E5D358D4B63A8F9996D80F6043B,2,2
99,2025-04-21 07:50:00,749AEC102E624BD7BE6CA79437883DE7,2,3
100,2023-11-10 19:30:00,D6B64103361E41C29CDC916E96F7E8E5,4,4
101,2022-04-08 20:35:00,1109F21023144CCD9F7178E2A0C99C61,1,2
102,2022-11-03 06:15:00,95A949E3C56141BE970060058F9B85C2,4
103,2025-04-20 02:20:00,25F14DA9421E45F9B0DB4FD828719837,0
104,2024-01-23 14:45:00,1F7B4FFAD0BC44A6A28F73E5E76807B3,3,1
105,2023-02-14 08:11:00,C45FFE7F33164E9BB16740E2931149B2,0,1
106,2023-06-12 05:32:00,C681335CBF9F44D28CE6C7EE2681DB89,3
107,2022-04-17 23:05:00,C64CC0E0F3854C28BC58FD6B6528343E,2,4
108,2022-06-13 12:06:00,FE32E3C1988D45BEB4DAABA93E08E9BC,2
109,2023-11-09 06:40:00,9B6338BA835442E7BCF2B960DC03A9FD,2,4
110,2024-04-10 23:57:00,B21684E8E8904656B37E5B1A78FAB244,4,3
111,2024-01-11 03:25:00,B25B501523944B91B4AD067497BCF18D,0,3
112,2022-01-30 23:15:00,DC648094295342789C73A7819C1A9A3A,4,2
113,2024-07-25 13:53:00,827CFD1AE6084208BEC7C8978C124B17,3,4
114,2023-06-08 03:34:00,FAF267EE4E5846D3A6DB8B6B72FEC28E,4,4
115,2025-02-26 14:33:00,C7E81708B8124BCF937BD1A566761495,2,1
116,2023-02-13 01:17:00,D3D74600E238492A99935BA995048329,0
117,2023-06-09 22:51:00,6BBA78D33EF649AE8D8B0325C3406032,0,3
118,2023-01-07 19:26:00,4D1FBE9571074609AFA6D8C2B365F230,1,2
119,2023-01-11 19:51:00,107C1B4C61664D0981EAD8DF64539AE0,2,4
120,2025-03-13 23:06:00,0880078E714149458983F782FABBF339,2
121,2022-12-27 20:06:00,6AF2E16F02D04531A0B6B9DADF778977,2,2
122,2024-06-06 16:04:00,30518FC1793C47759E8A934E79D21E7B,0,4
123,2024-11-19 20:50:00,9B7BFD6CDC194C3A91270FDF583AFD21,3,2
124,2022-05-16 18:40:00,5BC4C6F08ADB46D4A7A251D6B58617D5,0,1
125,2023-02-04 00:06:00,29BC541F16DB4420AB8CAE1CB89A6BA4,0,4
126,2024-07-11 08:21:00,6F76D539D8BB40838E1CA61000799ED8,2,2
127,2025-05-07 10:38:00,3C53C9FD7D734CFCBEA0A5CA652AED58,2
128,2022-01-30 23:14:00,2F4129F84A734A968FB8896D0F9EC023,4,4
129,2024-06-25 10:00:00,0A919C498CBC4DFBA7DDBB6238036B7A,2,1
130,2023-03-06 00:27:00,19CE9CBF20C446D8901D0CEB15613800,1,1
131,2023-10-10 18:14:00,AC2111EBEBC4420A847549453B7522D6,0,1
132,2022-09-10 02:23:00,9FBDF981C10D45378A4CFF50C070EC2C,1,4
133,2024-01-21 19:49:00,1D6C542BBB6B4C8F8AADBC85B72E7538,4,3
134,2022-09-07 19:56:00,AE26266FF25945C194E4B5B7C9E05FA8,0,4
135,2024-11-15 03:30:00,34FE03B1E4464098BBE7C7FB04B3D7DE,4,1
136,2023-09-22 16:44:00,6935B6301CD8421D89E2044A71D4AE17,4,2
137,2022-04-24 20:34:00,7BAAF213E2AE4BCD8BDE533D5DD42415,4,4
138,2025-01-01 18:43:00,75E30828CD2F47D1977E2DBC50D989D2,1,4
139,2023-11-30 11:54:00,13D4439F785249D98416ABA7D8DE8183,3
140,2024-09-07 08:45:00,DDCB78AE2DD94A33B627F3FB26F96035,1
141,2022-07-24 08:21:00,48944A16D71F4A098AF54473C047CF13,4,1
142,2024-04-17 00:11:00,89CD4C0EF2E9477089D524419371F091,1,4
143,2024-02-26 04:30:00,0706F35717A7430284A92E9DFE387ABA,0,1
144,2022-07-09 16:33:00,DB971ACC52134E1BAD63CF8FEFE71F54,1,4
145,2024-04-30 14:55:00,B661A190329C4ABEA149479193806094,0,4
146,2024-04-13 02:02:00,2D78D74A102F4807BBFB482A6C65AA82,0
147,2024-04-14 03:04:00,24B7B12D0F6C4A8D8EF1422BEC060541,4,1
148,2025-04-28 21:24:00,A8FF332B8F304855B5F227CFA43CB2EC,4,4
149,2024-06-04 14:26:00,349689C2858547A190E002D907A8DF14,4,4
150,2023-05-19 00:27:00,130B3879AEE34814980AD15D7DFCEDAE,0,2
151,2022-11-16 23:36:00,66558C4BED584EFC87406986CF418743,2,3
152,2023-09-03 01:06:00,51498D0C87414C47A7B12ADCB24BD63E,4,4
153,2022-05-29 12:23:00,00C965FE6EFD4D38A172C656D2134340,1,2
154,2023-07-26 03:20:00,E4F1E9A6B5544D76B922E054B3A0C253,3,4
155,2024-07-12 14:37:00,5518CA11644C4C278FEA2BE7FDF79BE2,0,1
156,2023-01-31 12:15:00,F28E4E06DB0A4BC9A3E14A7CCDC603A4,1,2
157,2022-02-09 12:19:00,522A8A84276E4C3EAED5EF377858FB56,4,3
158,2023-02-24 15:09:00,639B6E410A2C46A4B92C58B97B8A6E3C,4
159,2024-09-22 17:41:00,58806C7C1F1041AB8C56F833970A8CAC,4,1
160,2023-09-21 16:17:00,AC0507C7A01D4781A44B2A08DB5426DB,1
161,2022-01-28 02:59:00,A106B87B071B4914A4E89DE27D33E1F4,0,3
162,2022-07-04 20:36:00,C929F1E1492B472A890A068C25D3CD67,1,4
163,2023-10-27 10:48:00,67F505089AE649FFB966A52D0B5E0146,1,4
164,2024-11-27 06:56:00,5D9F0C709FB04DF6AFB745EC406C3465,3
165,2022-07-30 11:39:00,770B4C73FF0345A6957ED247619EEC1A,4,1
166,2023-07-25 02:45:00,8020448E2CB2402CB1835B1E8AD2563E,1
167,2022-01-15 06:02:00,F4F31F5A6B1D4DE183F0B5D6487C5ECE,3
168,2025-02-19 10:07:00,94E7CA9641824A60BD0325CAF91865A0,4,2
169,2022-09-21 02:14:00,CF8A1D03579D4E46BEB0E93168DE8EB6,1,3
170,2023-02-05 19:12:00,80E7582B41734DAC9110D2B9D30CB601,2,4
171,2024-11-14 02:45:00,2ECCBEA711914AE68358A54C43EDF42A,3,3
172,2024-01-07 13:23:00,3221D369A60546AC9E5372949776A1A7,4,2
173,2023-05-24 22:00:00,7939D175C863498BB74B48F0280C828B,2,3
174,2023-08-04 02:05:00,8BFF82D8E5E74CAC8F7F86FE90C06BF7,4,1
175,2022-03-11 02:07:00,4CB4AA147B3D44CFA7FD678A9244582D,2,4
176,2025-05-31 18:30:00,1B0B7C4A1B2E4E35ADFFFA2284945A80,4,3
177,2025-04-21 14:39:00,74B33821CCBF4D6F8E853F5091765E85,2,2
178,2023-05-04 07:33:00,2DAB26FF89BC4AEB957FBFB4D8C253F7,1
179,2025-01-11 03:54:00,430E029D1D52438C9D21A46D2E9915E4,4,3
180,2023-07-25 06:24:00,15E13A43B0B541CEA2628F278F039893,3,3
181,2023-01-19 20:19:00,A0EE7C884BB74965A95157184AC7C4B7,1,3
182,2022-05-18 02:31:00,9072F2C5EA3B4E0499F7C8D4860C7436,4,2
183,2022-12-10 04:38:00,E230C4E7B6B3485B9991C1F7804FA9D6,4,3
184,2024-05-25 17:25:00,06FBDD4206264A1AAA09E9CC40C4938E,2
185,2022-12-16 01:59:00,42978E15564D4762ADE459313F9CB690,3,4
186,2023-12-20 20:48:00,5C22AD85314F46999918F43D9D4A0B89,1,1
187,2022-03-18 11:45:00,6E9E767D128D4D109A2681EF67D25912,0
188,2023-05-27 09:56:00,0C4D88AF65004F24B2231DB512E6DD5D,1,1
189,2025-01-23 04:51:00,958AAF15E0F7432FB976206D729AC70E,1,4
190,2024-07-05 13:53:00,54178BF6922C4AA29C1A429D21D815F3,4,2
191,2023-04-21 09:34:00,6C522E3DA7CD47CFBA68BEA390E5C51D,3
192,2024-02-09 10:26:00,2319562046354C8A8A3E0AA6FDBD0878,0,2
193,2022-09-30 10:21:00,382EB7FAD864471394B3016FC23EEB29,2,1
194,2025-02-17 16:08:00,DD85EC02815246D295DACB454A6DCE92,2,4
195,2022-09-07 18:35:00,49BA81D4DC404C438C57624074AFCD12,2
196,2024-11-03 10:54:00,6A794D9D3264479A9F511E0B1E1C6B9F,4,2
197,2024-01-26 10:42:00,7A0640575DCB4A2DB37009D33F0AAEF8,1,4
198,2022-05-08 03:01:00,091DAF97C9A34BABACBF1C75DA128B6E,3,4
199,2024-11-06 08:21:00,96E7C2E9F0E04EC49B45062E7AD7898F,4,1
200,2023-02-23 01:52:00,A9BB1AE054774454988F7E0FEB5F606D,0,1
201,2022-04-06 11:50:00,7129761B4E144C34A06A5503F4AB76C4,1
202,2025-05-24 08:23:00,A72985487F8A467CBF9CA9F2F8D2433B,4,3
203,2023-09-10 09:30:00,DC7CBFD05A384D74AF2E7A1DBB1A30B9,3,3
204,2023-04-10 17:58:00,E20618428CF34DEF869B2785D85D3B13,4
205,2024-01-14 01:54:00,FCFF02E4007C44B7B4D515CA3AD2ABFF,1,1
206,2022-08-13 03:20:00,E4A41B922F6B4C7FBF3042715F2A9CC4,4,2
207,2024-11-14 11:23:00,E8C494F35A064D2FB882533B51B5458D,3,2
208,2022-05-03 18:15:00,01275251F4C74C53B5CA4D5044D7C667,4,4
209,2025-03-27 14:28:00,EF334E1C5445471CAD687B8176E1B5D0,2,1
210,2023-09-28 03:35:00,790E036D324C49ADB2994E34BFF1569F,4
211,2023-02-10 01:47:00,27D704A8C26E422F929E9E392721E313,0,4
212,2023-01-15 00:46:00,FAFCDDE9333A43379C3F10C9C5DBD360,0,2
213,2022-04-04 15:34:00,0645C14BFB434A6780D254B227E132B2,2,2
214,2022-08-29 15:32:00,3C1DBAC02E7E41038F9967C25B97750E,1,1
215,2023-04-09 04:16:00,BD6D17AF72A34B6EB851441C2AE04449,0,3
216,2022-01-11 04:33:00,98F8415DE4FD427881344F39B1FDD942,0,3
217,2023-03-19 23:57:00,BF870F41C4FF491DB7193F87159FA4AF,3
218,2022-04-06 20:44:00,22FCC96FAD7C4395A3B55B94FD2303D8,3,1
219,2024-07-06 21:06:00,40F908C9868644F59E06EEFC30F2ED79,3,3
220,2024-05-28 03:03:00,76621BA3DFCD48B8B23DE0FB86B3B1EE,4,4
221,2023-12-07 14:54:00,DF2EB91B54F44B9082AD42669A304080,2
222,2023-12-19 00:25:00,22D50815E49C4A2CA5A2A2D33AF76392,0
223,2023-08-19 17:09:00,98A2EE777B534861BE426A917B5901E8,2,4
224,2022-09-15 05:40:00,0269ADEF227E453DAD270016C51ADA93,4,4
225,2022-02-16 21:00:00,C6D1E210CC2F4A3BA8C9282BD3DB8CE4,4,4
226,2022-09-24 21:01:00,385D3D4A85234395B05B9DDF85CBFD11,3
227,2023-12-01 02:43:00,747094F24B6C4907B2E69B98D5A13B3E,0,1
228,2024-11-17 16:33:00,EB85B769C45344E9A92BF53535F88DF5,3,3
229,2024-11-15 17:08:00,42CD079266B44181A04833E13EB2A2C5,3,1
230,2025-03-10 03:02:00,20479FDDD8E642088824045242BA7EA6,2,4
231,2023-08-29 09:25:00,A170BDCA9A7D47F899E4C1AD05AE283B,1,4
232,2023-06-07 04:09:00,309767C00A214E52BDE06F865A6CA190,0,3
233,2024-05-15 12:38:00,825C20B2356645B0B0AD1325E4E5C724,3,3
234,2022-11-06 07:45:00,F1968E7830A7497AA073B656E22714C5,2,2
235,2023-04-07 07:26:00,97CC9773FBFB470C817115E4AE7A3EFC,2,4
236,2023-03-26 17:38:00,21AC58FCBDAF4773A147AA2F2415799E,3
237,2024-09-20 22:11:00,21ACE382D23949799739EE916BF9210B,4,3
238,2024-09-28 16:18:00,29201ABFCAA34656B576873209862376,3,4
239,2024-08-29 14:13:00,0F032196BFA841BF9204F48B89D268EE,4,1
240,2022-11-07 23:42:00,1E32EE52A94E45839F786C0C5A23F0DA,1,4
241,2024-02-17 18:58:00,AB5E5FCD42B248E18CB453E6D31A02A9,4,4
242,2024-02-26 15:58:00,0520AE56EABE4393ACA4AA236494C15C,4,1
243,2023-06-20 22:31:00,4C7D68AA089D423398C60303146A8483,4,3
244,2023-05-15 00:07:00,2553C9563C754E9C89D8AD8C0A369E05,0,4
245,2025-01-30 10:00:00,CA09C5656F484DC9ADB9E9CF0338C5EC,4,2
246,2024-05-06 09:05:00,5E9BEDBF562043A09AD78225055D7C1C,2,4
247,2022-08-01 07:46:00,378C7444D7C84424B26E4CBC956EC8F3,0,3
248,2025-05-01 20:25:00,B538849D5EF54F2387C64B1C3CD65485,0,1
249,2023-10-13 12:13:00,5394FF26EDCF43F6BCD9A5F54D581B93,4,1
250,2022-06-26 02:37:00,83202F9C2749476EB865DD4F4E9E7010,2,3
251,2023-05-15 12:18:00,20D7D027249248C2BAB79E3F19A4FF59,2,1
252,2022-07-22 07:22:00,67F7052DA84140E58889360453069616,2,3
253,2024-06-23 11:20:00,D71268ACF73C445B87710BEB7968C605,0,3
254,2023-07-17 03:57:00,2850FDB2517F44FCBCF225D33980FAB8,4,2
255,2024-09-08 11:23:00,68755AE0F2AB4920BC27D74EEB5AD6F2,3,2
256,2025-01-15 10:55:00,3C99F0DCCBF745C2890923120BF3260A,1,3
257,2025-04-10 03:57:00,F573EAFF7F4941598C2BA9E418818641,2,2
258,2025-02-23 22:03:00,AE5B29CA3727476CB94AF9351348FA8B,2,1
259,2025-04-17 17:39:00,34816171C4E2481192F4AFD1B090A1F2,3,4
260,2024-02-06 19:40:00,8C67CCFFAD6B4CEEA872C75DCD8E5CC5,3
261,2024-12-12 13:47:00,AFAA1DA0FCCE48EABBBC97460D7CA9FB,1,2
262,2025-05-15 14:48:00,E812A3BA69FB4399AA23833AFD01D85A,2,4
263,2022-02-06 17:08:00,C0D9FE4615654DE1B6B862F8549A1043,4,3
264,2023-07-01 12:24:00,D3C97D0F982748E68F1F7C84B3272909,3,3
265,2024-04-08 15:18:00,D3363B71663F4FFFB8943A7F9BF10F05,1,4
266,2025-03-12 13:51:00,DB2224901C3742BCBE1AD739DC408828,2,2
267,2025-01-10 14:58:00,D85F43867C634BE3A4FFD5FAB0B02058,2,4
268,2024-06-16 01:43:00,32F89406D2E640D4893976CE2302BEEC,0,1
269,2025-03-31 06:34:00,B5514ED9AC844F558BF6DF96F509A431,3,1
270,2022-12-10 02:03:00,27B929E51B5B4DB9BE1790ACA2D596CA,4,1
271,2022-03-28 03:24:00,8374F53285D4485D8D9C5040679D37D4,2
272,2022-10-19 15:24:00,EB97F773BB134DF98EE192F182552B15,0,3
273,2022-07-17 15:18:00,063D806181164E31A7BBFA552B5739DF,2,3
274,2023-01-05 05:14:00,C1D98B4EFC0E4AA3B86EFC608ED7B849,0,2
275,2024-03-06 20:22:00,D4565C4275C940B7AC2755FBEFCF2CD5,3,4
276,2023-06-27 11:41:00,7C91F796D1AF449B9E0B1C9C86878D94,3,3
277,2023-04-29 14:47:00,DF89F5D11CA04794A8B69D9891D40186,1,2
278,2024-09-21 04:49:00,7768F8B2749F44EE8B1B060776497CBC,3,3
279,2023-04-18 02:33:00,73CE1405BF8044E4BF8676FA77F17409,3
280,2023-01-09 13:08:00,442C92EF79704E15ACDA24083F300499,2,2
281,2023-06-02 18:57:00,5EBD2334710A4B08B01B44FB55B69B9C,3
282,2022-03-26 09:03:00,E0E0C847A7604B0BA113B88C63AACFBD,2,4
283,2023-09-25 11:06:00,B8F80DFD531B425485EBEE50B52BDC81,4,1
284,2022-04-12 02:12:00,507D9A3DCA674D80BF377DD625B0566A,2,1
285,2022-04-11 10:14:00,2D0EC65233E74A95B168BCB44A2AEE96,0
286,2025-01-30 08:57:00,C6E91D02ADB240E29B944C5D1CA2CCDF,3,1
287,2022-08-14 19:17:00,BBF799D9D0C641E9B7E9D8FF67978E9B,2,2
288,2023-04-28 09:36:00,1688259B4AD4421A85972933FFA1A321,2,1
289,2025-03-20 21:11:00,D82E4DF6F17C40B081579B176B1F860B,2,3
290,2025-03-09 01:48:00,442114697ADE44BFAA2B23D290ADFDAE,0,1
291,2024-12-16 21:39:00,D9D757E6CAB84D9DB91A74E5928DBA00,2
292,2025-02-14 14:36:00,0D8633C609984FD2B55FD802640B3BE6,2,1
293,2022-10-17 12:29:00,465E77A7909C46B395A96747896BF41D,2,4
294,2024-11-10 05:36:00,D069423C26AB46988F508C952330AA4D,1,4
295,2024-02-22 11:29:00,CEB45397E88F4BF2AB705F9992068D13,4
296,2022-03-24 06:39:00,9D6A22100A17480BB1356918D96786AD,3,2
297,2024-06-30 00:53:00,11ECE615EAA543A3A858544B4F243B1F,1,1
298,2023-12-02 17:54:00,A62ECC4D85114FDF9140EA68E687B576,1,3
299,2023-04-28 12:46:00,3D174C72CD8A4D2EBDAAC87E31A529B6,1,2
300,2025-01-05 16:12:00,4C7000E8EBE249BCB173C52392E890BF,0,2
301,2023-08-26 00:55:00,A6B38A107E644227A2C850C952663F69,3,1
302,2023-02-21 13:25:00,149A9DB5D19048378C582AD90DC013AD,1,2
303,2024-05-10 11:42:00,555B69020ABC42519CABFCD8931F379A,1,2
304,2024-03-17 17:02:00,FEDEA33CFA72479EB2A2AF111F1EFDC0,0
305,2025-03-28 20:48:00,AD511564D93F4A6B91C360ED20F27FEA,3
306,2024-11-09 04:03:00,A19793B885D84D64B2F40EC75FE363A0,0,1
307,2022-06-03 05:59:00,536B8879FCE841A0BC7390EC893D1A0F,2,3
308,2023-01-28 19:30:00,1B2113E23C2A4860BA6A27B662267615,2,1
309,2022-05-24 00:55:00,55E81C33060A41518F4FE90767C03D52,3,2
310,2022-11-08 05:33:00,1E37B5DCC7F94B1BA86A5E1D3A09A5EA,0,1
311,2024-12-13 22:44:00,C45267FAE58C40309DC2907B6AB10776,2,2
312,2022-04-09 00:59:00,079CC69164EB44678D8DFF0CD1663F8A,0,3
313,2023-04-30 12:03:00,F30829F8619D42E28B79FF30B6BCB510,1,3
314,2024-10-15 07:19:00,6A611D2F22FD4EC2AB07C8A694AD484F,0,1
315,2023-01-15 15:13:00,68E3B689CDDE4DF5A8605883A44F0B93,0,4
316,2024-11-10 21:55:00,96C44F6DA9314502B6D126785DD49467,2,2
317,2022-08-27 21:27:00,FC14594B54AA4533AA6D788F826741EF,0,4
318,2024-02-26 08:59:00,B1B40B3520304A34A09806A96EDE1FB8,3,4
319,2023-09-14 14:56:00,7070A2BE172B47898527E2CD92D70278,0
320,2023-12-17 11:19:00,5F03EF28644F441FA7D1EDA760D794DA,4,1
321,2022-11-06 18:12:00,35712766D2C04B239163ADDB8A79F6DD,3,2
322,2024-11-14 14:51:00,1260E266A75A4C95A7BC8778132B4A16,1,4
323,2022-01-19 04:44:00,D8A9BF40FD034F15BA038D08225039EF,2,3
324,2025-03-11 10:35:00,27596BA9D31E4668B5B5DC04AC0598AA,0,4
325,2023-07-23 12:10:00,9787DA480385451A8CDD699E78107A83,0
326,2025-03-27 22:59:00,BAF5470BC90143AD80FB05ABC64B236D,3,4
327,2022-09-11 03:51:00,72A1F8DCC38948019B3A07D202D32775,2,3
328,2022-12-29 08:07:00,4D9CDCEC907D48D1A2997AA5268DED46,3,3
329,2023-05-16 02:49:00,A0F63690146C4C65A09692C4E90CEF59,1,4
330,2022-04-19 08:19:00,84968C0EB26F46C09F06218A82D7331C,2
331,2024-11-19 01:33:00,1F776A704E214C049187518DFB6097BA,0
332,2025-04-14 18:33:00,F239272624434E39BA0C8CE1401ADC96,2,3
333,2023-02-06 19:27:00,73EAD470F19B4A11B8A1207ACAC2CB17,2,2
334,2025-03-23 03:58:00,0C6BB5940EFD458B91D98342E96A2234,4,1
335,2023-01-15 08:10:00,E5243A764D5A4AB8A911BD3D56209530,3,3
336,2022-01-18 16:36:00,2637F45562F94873A1A360CEBCD83D44,0,4
337,2022-07-03 11:42:00,B79D88BFB7164636B531F39381E78634,2
338,2022-08-23 07:04:00,15CCE95BF41A46369429900791736B6C,1,2
339,2024-02-21 05:11:00,0B5B9588EA464F46B1CFDB474757A102,4,1
340,2023-04-05 12:11:00,7E961660A72B45D4B03BDC60A179F48E,3,3
341,2024-10-27 14:09:00,9C0EC735E56045D9AE1719EDF0B70F86,3,1
342,2024-04-26 11:13:00,330A2D42B0D7400890D5AC839FB9010D,3,4
343,2024-07-05 13:56:00,8F21DDA1C4C94BB2B5750135AD092A87,1
344,2023-12-09 09:51:00,BD0B63A656AA4599BD2D5A198F74C424,3
345,2022-08-21 15:48:00,2F08964703C64B0CB975F06D3438BE48,3,4
346,2023-08-09 05:12:00,4FFFF8A77C2142958E2968E4E7985C38,4,1
347,2025-01-28 16:10:00,410821C4E0084665BD91604B7BD285CB,3,1
348,2025-05-30 04:49:00,D13EC779497C4191BAA31446956EA170,3
349,2022-04-12 04:10:00,D1C032E75E2D467FB77F7914C34799EA,2,2
350,2022-02-01 04:55:00,388FDC299CE848ADABF869721847C4D5,1,1
351,2024-01-27 18:08:00,78AD7CC45C91440CBBE524FA5579879F,4,1
352,2022-10-23 11:22:00,BB99742A93F54BC0963571641CFE4F74,0,2
353,2025-04-19 03:36:00,18FAC8F43215470580698F98BDFD77C4,2,2
354,2024-06-30 08:42:00,08CF7FBDD0FD464CA9198D1F34F829AB,1,3
355,2024-07-18 01:34:00,7B23A680D3AB4A48AFEED79CD8C502F5,3,4
356,2025-05-27 00:55:00,1A567EE1DF5745F89F77F352149D45D3,4,1
357,2023-08-07 21:49:00,09C944D7F44B49188C09563F7F8F422F,0,3
358,2024-09-01 03:51:00,D5962F7DB6044B2089FF1F1C9676357A,2,3
359,2024-11-06 14:02:00,511630673AC44D72A0BACD7E9972E4F4,0,2
360,2022-08-17 20:08:00,B393A488B21B4815B3112A4E41B72081,3,2
361,2022-05-25 18:04:00,9F1D53DEA1274E898E264BD123010269,1,4
362,2022-08-05 21:02:00,AB2E97D66A924BB9BA8730719F9F1FD4,0,3
363,2024-07-13 09:52:00,9B3C2D1FDBA94452A6053ADF12BA30E0,3,1
364,2024-04-18 13:05:00,3E9389A514A74084BF7F28D80A75EDD7,4
365,2022-08-22 14:01:00,F1A98B2E238B4E5BA34FB69E083A04A3,2
366,2024-02-27 05:43:00,147C1032430A49B284E5CAD38F550308,4,4
367,2024-10-27 21:38:00,47E0B44DD6E749FFAAD1F6F510692E28,4,1
368,2024-07-07 12:37:00,5C94026EFA664C6ABA959ECBF0EB5BE1,4,4
369,2022-03-21 12:35:00,C66B5269F0D445A382C8FCEB2DAA7A49,0,1
370,2023-04-08 09:45:00,22A61D09D2E34FA28767A055C021C41F,1,2
371,2023-09-22 00:46:00,1EB61D25915C4981BC5BA33521A42BBA,4,3
372,2022-03-13 08:42:00,8632D5C4BE0B4CBB886CE8C072A26095,0,2
373,2024-08-08 20:57:00,A43D9F38F9D24BAAB3CB69F56A2AC4F3,1
374,2024-06-23 14:43:00,B4C1CDFFE0E84003876823BC82F9C33F,4,2
375,2024-01-30 03:55:00,DF2DA50C259F4DB4822B25F37C405610,1,4
376,2024-10-03 10:27:00,1A19798F7CFA413C9B7550F51942101F,1
377,2023-01-31 14:25:00,79C0D26EBAD842FEB63576C38D1802C9,3,2
378,2024-01-21 20:21:00,84D5093C337F4AA79DF7F274D07BF07C,3
379,2022-08-14 03:25:00,877EA165463B46C8B081C3B279CD6F1F,3,4
380,2022-12-01 05:09:00,7D9B0D7432074B9097DC177F68F31A90,1
381,2024-09-09 14:35:00,E022A8E8A34742A7A3E8871908E2AC83,3,4
382,2022-11-24 13:57:00,0F95526819DC4E9A88C29EA31262601C,0
383,2022-01-28 01:46:00,8A184B571DE3403688A5198C889A8D9F,1
384,2022-03-17 17:34:00,1957597BE5134C38A61D21ADC638E671,1,3
385,2023-11-09 20:36:00,9A3BAC7A015D4888AB96B1544360FAE0,1,1
386,2024-06-18 03:23:00,FDD17C23CEC0435AA5EE302C96E1D903,1,4
387,2022-08-05 14:40:00,234FCB6F53CE4E9BB1BD7CF3BF21EB9A,4,4
388,2022-06-02 12:35:00,ACD465321D6E4401B522295D05FFEE21,3,2
389,2022-04-13 15:05:00,6A2CED61405D4B67A801E86DBA3EDADF,0,2
390,2023-11-22 19:38:00,A1D9AC66EBC046A79F2F4199B0747D04,1,3
391,2022-11-07 03:50:00,CD540112AC954E1F9B9E292B31A88DEC,1,1
392,2024-07-27 12:32:00,8A4DC68841DE4E88934DB99DB97C5F37,3,3
393,2024-05-22 16:40:00,DB518BCF98414EA99CB6D9D41F41DBED,1,2
394,2025-01-04 09:18:00,F2C187252F8C454B824D6C9AF6976247,3,3
395,2023-06-11 06:27:00,43FE3292BF434DD280657670CDB3769C,2,1
396,2024-07-19 13:39:00,DA56D111BCD34FABAED13586B46C86CD,4,1
397,2025-05-03 14:32:00,B5629F59F2854BB1A5CD84071DF48CC2,4,1
398,2024-01-22 14:56:00,4DAA895E3BE44DAA9EAB9B234B87164B,1
399,2022-08-19 02:44:00,4C7A7A27B7A1432C988E5C8A33BE05FE,1,4
400,2023-01-19 23:43:00,506FA580FBAD4AC7B0188F32F26E3105,2,4
401,2022-03-24 06:35:00,EABC40BABF314269B7FFFBD0C3187871,3,3
402,2024-09-02 11:30:00,546CB5067F884FBD8922054778C62A98,0,2
403,2022-06-14 15:21:00,62EB907C474F43BDA5E2C8E728BD3594,0
404,2022-02-17 23:41:00,FBE2B01D1A21444793B58F4EE432CE7F,0,4
405,2023-03-26 21:24:00,50302A960E8B4AD1A714919107D3880D,0,3
406,2022-02-13 06:30:00,CF61C7AA11CC47638577D8E32C2A95EB,0
407,2023-07-24 05:46:00,64E999075CC3432AA880078FDD1E138A,4
408,2023-09-13 07:39:00,6712166A495549E6B5AD3823F05CF6E3,2
409,2022-04-19 01:52:00,952C327BC678425FA113BA27272FED07,1
410,2022-04-04 10:54:00,793F74756716403DA7B4B090508097AB,1,1
411,2024-12-28 02:15:00,9136268418B0428496330107AB5B4F10,2
412,2023-06-17 04:03:00,C902322842644F9C87CA952070F1641F,1,4
413,2025-01-30 09:43:00,42DC76FE015A42469313B9CAF587DB2E,4,3
414,2024-03-23 01:50:00,E8E620AA8ABA4914999C7900E3EB1F32,4,3
415,2024-11-23 20:47:00,125DB934D81948CA9D3C7588FD8A75B9,3,2
416,2022-12-13 05:33:00,9FA7596262DE4766A67D466AD0D6A263,3
417,2025-02-08 11:07:00,CBF70E21242F43AD8D74042922B9EBFF,2,1
418,2025-01-25 14:46:00,F3DD17EA067E4E1FA70CFD652499E5BF,4,3
419,2022-12-08 07:23:00,3D0C33C5B43447A0B12847A443E949B5,4,3
420,2022-02-23 01:43:00,C4307D9AD43F41F6949CE78EEF02230E,1,4
421,2024-06-14 14:07:00,8B62FA39E0044E17B35F0DF2F4A61EA5,0,3
422,2022-06-07 17:48:00,AB64605E2AC14845BA23EDCA0D311BE0,3
423,2022-07-05 12:13:00,7C2A3BBB244F4FB1AC9B64644D7E772D,4,1
424,2023-06-15 18:12:00,CF09906795D84BF88983C9BABDB3EE8E,4,3
425,2024-11-07 18:17:00,53E0F36D96A046E1BA0605026B7FE78D,2,2
426,2025-03-12 17:40:00,A2E47E1143904ECD911D161B21D7574C,4,4
427,2023-02-25 16:45:00,4402019947D243FC8D9D386F1B1323DE,3,4
428,2022-04-10 04:14:00,20833048D105437B900A7C1B71A435F9,3,2
429,2022-01-17 22:53:00,DFF929D2B5DA4034B4FADD65D5B14B2F,1,3
430,2024-06-06 11:48:00,8CBFD07BDA51426B9C05B6F9B2061B06,0
431,2023-05-22 01:03:00,E58831F98F14455189853375C60609DC,4
432,2022-03-23 20:31:00,36954CC85DAD49D9A887C362B7F5F114,2,1
433,2024-11-13 23:34:00,5C406AC773184928BA71C0AD133F75A1,0,1
434,2023-10-15 06:58:00,6CC347CE74764B4FAC9756E9376BA65E,0,3
435,2025-05-30 01:00:00,97590957DF074D56B5C43B5D875FD84B,2,3
436,2022-09-10 11:51:00,F5B9DB34EEE14DDC9AC6B7C4E63A19F7,1,4
437,2022-04-07 15:08:00,95F2939B17F948798382BE43944AD49F,4,4
438,2024-04-22 11:45:00,16AA52A651E943309235B438C588C111,1,1
439,2022-08-29 15:15:00,4E26D1F350A44204938C676A4633A69B,2
440,2023-06-10 14:12:00,AEBD40FD928D4362A572FDB19E6DBD4B,4,2
441,2022-05-12 10:36:00,1618DD53216E4248BEC53E2A90EDCD5C,3
442,2022-10-25 06:31:00,06B8226AE49040F19085C47A1CCB24F7,3,3
443,2024-04-08 22:08:00,079EEDB151B64AB8ABCDA3EBB1C776F1,0,3
444,2024-07-17 18:08:00,358B88ED03D9473AAE10B3A8FD8B5A20,3,1
445,2022-12-02 14:45:00,C9582F5BD7A64143A3579D73410E4B15,1,4
446,2024-01-02 14:09:00,5D454018D7CD46B3850E7DB78BDC2657,2,3
447,2023-05-13 02:36:00,D19E712B21D045B8AC2CCC524F798991,0
448,2024-12-22 03:27:00,68AAF088569A41EF8F5449055F6EFB50,4,3
449,2025-03-09 20:01:00,08265EE585C54EE39E3B912547C225FF,1,1
450,2022-04-24 22:07:00,F6FC294D96584CDB9F0D13CDB60F326D,0,1
451,2023-12-14 14:37:00,9BFFA7F9806B4065A6B3F435BD8D9158,2,1
452,2024-10-27 15:31:00,1FCAFEAF7D5A47788F8D2975D6D5E29E,0,1
453,2025-04-20 05:32:00,C21E2C61C701489F9E7CF30357D09035,3,4
454,2024-02-17 03:42:00,D40960FA7BE14C74A4E68CEF58FE2F8A,2,3
455,2025-05-16 09:25:00,D327AA05D32641A0AA772526B0EE50F4,2,4
456,2025-02-22 07:26:00,CB186BC41FD04CD69778678F34E531B6,0,3
457,2023-03-21 02:48:00,D9B2EB3950724FDD848FF30D038C4AA4,2,4
458,2022-08-03 15:47:00,ACA693706D1144AAAC6131A570121115,4,3
459,2022-03-10 19:16:00,E9074F67F5324A28AE4799375857F62C,1,3
460,2024-01-13 08:56:00,7222B4DA6A1D488B8A8609C833123E41,2,3
461,2024-04-04 07:46:00,B0945C1469FB4193AEC6A9840F23CA94,4,3
462,2023-05-24 12:17:00,919E54771B544C6E94CFA493F0DE1C03,1,1
463,2024-11-19 08:03:00,C6ED97B907B940379C4B9C402C5DB195,2,2
464,2024-10-16 10:52:00,87B4179B05B5405BB16223CAB14D38EA,2,1
465,2024-12-27 16:46:00,6BCE3FCA4EDD401EAFD0A0452D9AC35C,1,2
466,2023-07-24 01:20:00,67B69B81189745509246D4D0EBE238D6,2,3
467,2023-05-04 11:12:00,64E78757B5D846D8921A397B9FEC5B69,4,3
468,2022-12-19 14:21:00,05D0E2D5F2D7410CBE2E9547564BE6A4,2,2
469,2022-01-24 18:33:00,56AA41F261B74538AF982E9FFA8C21F3,0,2
470,2023-09-19 09:25:00,FDC870B000DA4C9FA7DCCCFA6BB182A9,1
471,2022-02-18 00:06:00,5EE2CAD0E4DE483B8FC6E5EA5CFB9287,3,3
472,2022-07-29 01:53:00,2A3C3F34463B406E919CC6213091073D,4,1
473,2024-02-05 09:53:00,F53E862445FC44D890CF7AAAC2255805,2,1
474,2023-10-07 03:28:00,5D7283A94CBF473DA3FD3CB29A390581,3,3
475,2023-08-06 17:05:00,23A1BEF396B84DA296757708563B90B9,0,2
476,2022-05-24 22:44:00,70C3B49DB1F84EA495612E11EE8612CC,2,3
477,2024-02-11 04:31:00,59DB05C2ECCF4BC3BB6CCEAC60974F28,3,4
478,2024-05-21 06:17:00,98D0BC1569E04D67956EBF4D90DB7BFD,1,4
479,2024-05-09 05:00:00,4EF64CFED30347F197F891DE04E1E2E7,2,4
480,2023-07-04 11:13:00,B122CF47A6EE4C11BA1DEDDC8B2DB620,4,2
481,2025-04-29 06:34:00,1872DC7820A0485CBFA5A812A68DC6B5,4
482,2022-11-03 18:25:00,1E5A04B2F85D4C83B47AC1F3129B0D3C,1
483,2022-10-17 03:22:00,EDC905863D7949EBA55C6639F229BB52,1,1
484,2023-12-13 15:30:00,3758BAB6F24340A1BED157FC2825AC47,4,3
485,2023-03-11 00:43:00,8D80169851024AB890C07B93C1FDA5D7,3,3
486,2023-03-12 20:14:00,B8AF78D35BB14602BDCF106A32CFFB29,0,1
487,2023-10-18 14:27:00,B13D918E9D80401B8E4E9162E1DCB2BF,2,3
488,2024-02-15 17:57:00,B8F0E95FA8FF4B588E03A8BDA7D723C2,0
489,2023-04-28 05:43:00,5FC1812D3441428C86123D930F955ED0,1,4
490,2022-11-26 15:28:00,EC981224BBA5472A86258DFA8BAD0D03,1,4
491,2023-07-12 15:54:00,DFD607F24129432484188CB052AF89C5,3,4
492,2025-03-27 06:42:00,16EA07F7B8F446F2B81D9E47D93FDCC0,3,3
493,2023-08-06 23:02:00,FCB24E3E1F45400BABE84F9FCDBEC4BC,3,3
494,2023-05-28 12:45:00,35B0D7965B4541D787ED71CCAD7BCEBB,0,1
495,2023-04-23 01:36:00,1ED3A6B6EB074EA289A8862F3D61FAEC,2,2
496,2024-05-25 04:44:00,BC03B915B33F419BBE3B3B0BA1B7402C,1,2
497,2022-05-14 10:55:00,14305DABC47B4FA39E5D0A6C8E34F70B,3,2
498,2025-03-26 19:57:00,107E2D985E8B432990790A04DB54315D,4
499,2022-03-15 05:10:00,8C7E18AAFF8542F3A741D3E98D6237C4,4,2
500,2024-12-19 09:37:00,CE2028ECE3BA4F6BB2FD2A2C3DDFDC89,3,2
501,2023-07-26 23:55:00,3DFA0060CCA446DA98AB6D29E1E3BCA7,3,2
502,2022-09-21 18:43:00,DB40E0CF11CE43708A88223D36F88D2F,1,1
503,2022-07-14 12:34:00,58C059689D414C438C8362D05C3E35FC,4
504,2023-03-21 21:13:00,A93B7F8EDC4241EDAE1015820A1E4AFA,0
505,2023-09-28 10:50:00,C17EBACC2DE24AABAE9C2DCD9472CE3D,1,2
506,2023-12-15 04:03:00,0FFE53B846484E66924CD7ACD23632B8,3
507,2024-06-29 18:01:00,12DFF781974445A9851176A83DE891B5,4,1
508,2024-10-31 01:59:00,352BEE9DAED54AD79FB122AE8D829AA2,4,3
509,2022-06-23 18:52:00,35E3B95597C9406E9E0040445468F39B,4,2
510,2022-08-27 11:44:00,4BC9CE62CDFB49E08E6BDB5F29292D0B,3,2
511,2024-10-11 05:35:00,E1269C53EE1B45759B30B51894D9BED0,1,1
512,2022-11-15 14:19:00,701B8F5090A149BBBA6837846A9CAFC5,3
513,2023-05-06 18:54:00,39AC835C91754256BA15D369C3CBB622,1,4
514,2023-07-02 03:14:00,330DBF3C848B45138F552ED72252D321,0
515,2024-05-10 23:44:00,5EB67571F8094DD6A290567DDA19F303,3,2
516,2023-01-26 00:58:00,E1BB37F44E6342088BB810D2E785373F,4,4
517,2022-10-11 13:57:00,803C3A93B2EA4B9FA8ADBD8C2B274BF6,2,4
518,2022-11-26 06:02:00,5CFDE43B1CFD41C093CD6F2A8C96A318,3,2
519,2023-04-19 04:46:00,8A7141FBE49847E9A9D2E66AFBF31297,3,1
520,2022-06-25 07:11:00,869FEBA34D7B46968E4A0F93A4AAE119,4,3
521,2022-08-20 14:55:00,48EAA193B1744F2E929F2BDE7E885403,3
522,2023-10-08 11:35:00,FE2F0067013942B9BD49E445441C246C,0,3
523,2024-06-25 13:50:00,C4C2F683E0EF41BCA50F9B1C68D5A991,4,2
524,2022-06-28 00:23:00,387567D8683544E58001431E809B3A48,3,1
525,2024-12-06 11:27:00,0ED6315DCEDD4C2D8257FF5C0D279830,1,3
526,2025-05-30 16:11:00,E9A16983C61E40E081AE1DBE52F844CF,0,4
527,2023-01-09 11:26:00,DDC5A866997C4F4E974E46315D96BF35,4
528,2025-01-06 06:20:00,ED774B2D7983451FBC3CE9EB881D7A2A,2,3
529,2023-01-18 14:40:00,D5CE79C9C17744A4AC1CA1FCBF0F032B,1,3
530,2022-05-07 10:05:00,95D280E5ED7C4DD6A1CAB2BBE527B7A3,3,4
531,2024-09-10 21:38:00,E896F6AE68F44C09B2F9829A10054AFE,0,1
532,2022-09-26 04:56:00,1A9A56C10D05468E812DA819B2C9CD90,2,1
533,2024-02-19 06:21:00,2A0678317FB042FA9EB320100E0BBF4A,1,3
534,2024-12-22 14:39:00,1112023C94594098A2D63B354CA3E9DC,4,3
535,2022-10-08 07:44:00,78D9313950B3456DBB56472B3628B019,2
536,2022-01-23 18:30:00,E4FD304A009C47508F84BC87FD1922E0,3,4
537,2025-01-09 21:08:00,3FEC21BC7235455183369CBB90198E4B,2
538,2023-12-23 14:49:00,B6F6C7F1B7D6446EBE59B7AC5D99DD4E,4,4
539,2022-08-25 20:46:00,17E1441B39F54F85BA6DE2C1506E3A66,1
540,2023-04-04 11:26:00,6114968C76A2432DB14C402D8FB813AD,4,3
541,2022-11-24 05:23:00,8A807081B7B340F1BF69A75834492E79,2
542,2024-08-04 23:55:00,2D03468CB7F642599F71D259EAFAC852,0,3
543,2023-11-11 09:42:00,D23F48FD44DA4E1196D8A4ACCFB43914,3,2
544,2023-10-02 05:41:00,123C97A28D634F2B9F68241AD50ADBF8,1,3
545,2024-07-10 07:25:00,41D0734B0EF14A4385C14CA3A6F0D3C4,1,1
546,2024-01-11 21:43:00,47551E6474DE4F769A221224E9012674,1,1
547,2022-11-04 04:13:00,61BA4BBD28AF447BB920757EB3405B80,2,3
548,2022-07-09 10:32:00,801B64F5306845719D9F4B95F2A4AC83,0,2
549,2023-07-24 20:28:00,08D139212EB74BBAB63F027C80555D40,2
550,2022-08-30 10:56:00,FACDE72B1CFB43BCA109975B6E05DC98,2,3
551,2023-02-12 13:02:00,8E4EB6302A924532AB3D3BE4171C713E,4,3
552,2022-01-29 23:54:00,5FFE22EED0CC4BE990D45DDC73F3AE2D,1
553,2022-01-22 23:11:00,5F841F52BE7F4148BBAD352E3C860BFA,2,4
554,2024-12-02 08:56:00,033316574DE94D3DB7A35904A9F5BB3C,0,3
555,2022-01-02 06:44:00,09909E1BEA99420591899C548C361AFF,3
556,2024-08-14 08:27:00,CB775CCC29F9494991D7E37C8595369C,1,1
557,2022-03-29 21:14:00,88D083D2DDB7412AA7CE645A66CA248A,4,2
558,2023-12-25 20:05:00,5AD43189CC8A469C91FF5C00D2BAD213,1
559,2024-05-19 22:26:00,8501EB31846F4F2F953001979BC5A076,1,3
560,2022-11-22 21:35:00,9434BFA7EE9F47FB879498F72AA9A388,2,1
561,2025-05-25 08:56:00,EA74BBF01A8F4A099620197E5077C6DE,0
562,2022-02-20 22:21:00,95186D21723844119DA5A837F808EB9B,3,3
563,2023-11-19 13:28:00,C93D8D5B0B56403F9872027300FC10DD,0,2
564,2022-10-27 21:07:00,CEED019EC88F43EE9503F7398610E8D2,3,2
565,2023-02-20 12:36:00,90CDA5D7532D4E269B597C73F5F06876,0,3
566,2025-03-30 16:34:00,7C621A47A9EF414FAEDC0B67C59A5E8F,3,1
567,2022-05-23 07:08:00,731A0D9A04CE4EC683017DA22356517B,1
568,2024-08-08 00:22:00,15B2BBDA8CB44FF7AA8EC66E4F6E5600,3,1
569,2025-05-06 20:53:00,F0881BAADA284A09AB405E8CE49BCB28,1,2
570,2022-11-13 16:58:00,718FC44155924BE7B9B049B9F454732E,4,4
571,2023-12-07 11:14:00,8A824E22213C4BF6A919634C0CC6C62D,2,2
572,2022-04-28 20:00:00,ED5C89062D994721866C8591BD3D411F,2,3
573,2024-12-22 11:59:00,F68C06F9D16C43E1B2531D60621C06CB,4,4
574,2024-09-25 21:16:00,2FED523E570046758EEFFC516013BA27,3,2
575,2023-01-31 00:29:00,898E0E4E12494CE4A86C3914E2084097,0,2
576,2022-03-19 17:03:00,CC3EDB9D135C4435B904C30167C6A976,2
577,2022-08-24 18:48:00,A97D287CEDA24CBF93BDF4AB8D4A01E1,2
578,2023-02-06 11:56:00,AD2071AA8F464E6EB8C3951F4748873A,1
579,2023-11-17 02:05:00,557A93DB68EC4F01A57C60F238E54F46,3
580,2022-10-27 16:31:00,58F6EA5508FA4E4792DB9643AA63870B,4
581,2025-03-31 23:48:00,6E9EA5FEE67D492280363C93D73AE244,2,3
582,2025-04-27 22:02:00,55604874706346D1B4E3707713334373,3,3
583,2023-12-09 01:29:00,F19E4877934844AE95ADECCB8F1C04DF,3,2
584,2023-07-17 02:30:00,8E43872424624518B217EE896E581D01,1,2
585,2024-02-09 20:34:00,9DB387BE4AC14F70964272C199CB49E5,1,4
586,2024-01-25 03:38:00,5FC5EA5F48AA4237BEEB5EB11EB871A7,4
587,2022-01-01 01:02:00,0671FDD0A6764871BD35513CC29C98FA,1
588,2024-11-09 05:43:00,412AAE2A4CDB461088A35527A0408E64,3,2
589,2025-05-11 10:08:00,8D20B09B5AB445E2B85C1E126D65F47C,0
590,2025-01-04 03:15:00,FDCDB8EA02FB456F856DD69B24CC4CD8,0,4
591,2023-04-23 17:07:00,99B50ABB0F97405790A97A1BEBC14D2A,0,1
592,2022-10-14 08:17:00,38AED5C428E14936B98DF87715159F5E,4,4
593,2023-05-26 01:34:00,9175B22B4F2F4CCDA67959E5D3FCE176,1,3
594,2024-06-24 21:27:00,1EC2475522AF4AFB8B2984506DDFA3DD,1,1
595,2022-07-25 15:27:00,BC4AF4D2524A402C9F9F8F664CCBA9FB,1,4
596,2025-03-19 14:41:00,367D44D554AE493A811A83985B82B2EA,4
597,2024-01-17 07:39:00,4E93989ABA954B59A8082D12FB53E424,4
598,2024-04-14 00:43:00,45F362E5B89641F8A976C239AA6048A8,2
599,2022-03-23 13:00:00,0D49352B03A447A38B9A7425647C5918,2,2
600,2023-05-22 12:16:00,03F7E1EFE4944F5DA3E141A1BE573AD3,4
601,2023-02-21 13:56:00,890E472FB2154A87A44E73740A12A58A,3,3
602,2022-05-15 17:56:00,18B3C91017744D0BA434CDA143DE019A,3,4
603,2024-12-03 01:25:00,056760072D324B57BD7591B2447B25D6,0,2
604,2024-09-01 17:12:00,28BF33AE6E1C478AB88D9279BA143639,2,4
605,2024-07-23 02:33:00,0BBA207B5A224879A441B2629454A7AB,3,1
606,2024-11-29 15:13:00,5F9B853557BD4573B71DECC3F1DE8920,2,4
607,2023-01-31 23:10:00,0E30D3EC89064159970D348CC9D89F73,3,1
608,2022-03-10 11:03:00,285C9526D5EB41CB8961352095EF7633,2,2
609,2022-06-29 21:23:00,CDE3C81265F847E68C8F5D0FFC61CE31,0,2
610,2023-07-29 18:37:00,A331736014B64501A947F3BEBFE7BF1C,2
611,2022-02-02 17:16:00,99A165BC2A7E444D9A3A8C53CD61E4AB,4,4
612,2023-07-12 13:07:00,5C675183B61E4D34B1B66700376129C8,4,2
613,2024-12-02 19:03:00,4B63A6EFB45E4B65806B050DB13A5FBF,4,1
614,2023-12-12 01:38:00,EAACCF3EB4B8432686DF2E631FB0710D,3,2
615,2024-03-08 16:09:00,6F88337E2FF841FBAFE2AD1625686EFF,4,4
616,2024-11-12 20:58:00,655DA68B55CB4BC7B620C43FB367B88C,4,3
617,2024-09-22 10:00:00,CC3B8B5A0FDC4C70A6F9C706ACEE50F9,0,1
618,2024-05-30 18:22:00,5999D310B90F4145B3AF071E348C7281,1,4
619,2022-01-15 15:09:00,B2B9F6EF9F554BCD94BBC8285D6C8B71,3,2
620,2024-06-26 22:55:00,2230F4831D914814AA33F8AFBD2A9D6B,3,3
621,2022-01-22 04:45:00,D575596B21064F9FA5C7087D168CF798,4,4
622,2022-07-07 23:55:00,B8CDFBC2B69241A0B3469502F44EE410,4,2
623,2022-01-04 23:48:00,CEFB556AFE144DA4988AE76BCF178523,4,4
624,2025-05-11 08:52:00,631389B9BAB84B17AFA9B8753FE15134,0,4
625,2024-05-21 09:09:00,96858F1C8A1D4789BB63DC241EC5EC4B,0
626,2024-09-17 15:51:00,F3D30E1B57614426A4AF1A0B8F646ED0,4
627,2023-03-01 23:52:00,8C244A3D7DB140819E1F7CB9693352E2,3
628,2022-10-08 19:11:00,BF14BE9BDCC8429688BD4AE35F554EE1,0,1
629,2024-07-20 06:46:00,BE74C1CA8E034DB3B947B9474D6DE879,4,3
630,2023-05-30 01:45:00,D58C397C9FBF4F5AA0EA5C2101AF4ED0,3,4
631,2024-11-11 14:39:00,C34327C559AF45EEA7C3A844EE596DBD,2,4
632,2022-02-27 13:37:00,3AD7828D0C344F76BF416A8B51440230,0
633,2024-06-18 05:26:00,3F01F41A1C2142AD901F331D4070A760,1,4
634,2022-07-11 07:31:00,B9029B99068742B087B7BE566E1FD1C9,3
635,2025-02-18 02:09:00,AA3A098BFABC4CDAA0542F91C79EB82A,0,1
636,2023-06-15 06:01:00,04A19473283A47D1B3F1D7CD66FE5DA1,2,4
637,2023-03-28 16:37:00,E36E3822C882445D916EA940D97E49EA,1,1
638,2023-04-11 06:40:00,4F2F59137E8B45879E7CC4401C09E836,2
639,2023-04-15 20:50:00,F1946D7521704CEEAAC3EB52BEBC1BE7,3,4
640,2024-12-18 07:46:00,8881F8EB4F9B4CC0B5F1F99B37A9F811,1,1
641,2025-05-03 10:14:00,384CE911A3794CBFA799114E0C718C81,0,1
642,2024-09-21 12:21:00,C232D1D517E74B48926B524EBB0FFFA4,1,3
643,2023-10-10 10:34:00,4C7209EFE49D4A3E986E9E1B783C1453,1,1
644,2023-07-13 04:13:00,E99DB22D174B457083B69694A8E81F89,1
645,2024-01-12 09:42:00,047A144232C34FE59508571475AEE314,3
646,2023-07-06 15:17:00,01AF4CB029D040A88C0CCEB6FDDAE23E,4,2
647,2023-05-12 08:08:00,90F57E13E5104AEC94C2AA5887A04E74,0,2
648,2022-07-03 07:01:00,9F558EC9E153483DBAFF95F712E01495,0
649,2023-12-06 10:55:00,9D63077499374AC98B8B70580EED34ED,1,3
650,2022-10-15 14:45:00,B78DD273536B4335AD817C3D27C8AAD6,0,1
651,2022-02-14 03:12:00,A394873D326E439B800B024F739E248F,1,4
652,2023-12-19 18:42:00,1FAE2CFA183D486A8D8575B637795940,0
653,2024-04-04 00:30:00,131419E190324317966E67E0992CB0B2,3,1
654,2024-12-14 02:35:00,D349893CC43E4CCCBB2BD3628E24FA2A,2,3
655,2024-12-16 19:31:00,108247CECCC846DE8E977ED1438AE7B1,2,3
656,2024-08-09 22:24:00,CAB3A7DD095940FABE573D11B7A0B19E,0,3
657,2022-09-30 16:31:00,C402D662636E489B80A7004F67DD4B6B,3
658,2022-02-11 20:44:00,0D96F01609E84BDEB05B6759E2B6E241,3,2
659,2022-11-26 06:56:00,87128AFD153A4DEA899838AEA2CE69DB,4,3
660,2023-07-09 16:14:00,6E406757F8774E3694294402831EFF88,1,4
661,2024-10-29 23:12:00,42FEB8F3E7AF4E2291AA5E1AC2FE293B,1,1
662,2024-03-20 09:36:00,B2A0E5B11C9842989FC3612958A5F93C,3
663,2024-11-29 19:59:00,9793E98BC7984F558CB218D26F3489FE,1,4
664,2022-12-23 01:46:00,3DC375D4D9C84EB5B35450BA164E0266,1
665,2024-01-22 07:31:00,42423274F5DF4225B0B560A505702934,0,1
666,2023-01-27 14:05:00,17DF0052F9084CB1BC68522E06E8B556,3,2
667,2024-11-02 06:36:00,BAFBD8283A02416193A389DD1E0F5B91,3
668,2022-02-08 19:34:00,695647E029A14D67931790F4DE25F5DC,3,4
669,2023-07-16 05:50:00,36DE568B41A24D11BFE2B273279E8CD5,0,2
670,2024-08-05 06:59:00,F1500BF7392E4EB7A67610447E6AB907,0,4
671,2022-01-09 18:20:00,104F8D8A9B974D38A6786E0804D93358,3,1
672,2023-11-13 10:05:00,40E774984E104965B4591454A053BDE4,0
673,2023-10-12 03:57:00,539362563F36425A8694EC6BA1872DBD,3
674,2022-07-17 13:27:00,EE895B5FA5884F3092A9748D3E7CF9F9,0,3
675,2024-11-19 06:48:00,019C4331576B4FE6A24B1D4C3301B817,0,1
676,2024-10-18 20:34:00,3C663FF051F4402A8C159459B0E42093,1
677,2023-08-08 11:18:00,9069AB3574F848BCB9F2E75D8586D273,2,2
678,2022-11-05 07:10:00,4055063E5AE040D0A121DBFD20A00899,0,3
679,2024-04-17 01:47:00,B8BED6460FE6453FB3A16BC2A11B056C,3,3
680,2023-11-05 17:56:00,08D8033512E240FDA901EA666016BFCA,4,3
681,2022-01-09 15:07:00,59D96C2D372947A2A93D869F41F7EDA4,0,1
682,2024-11-05 23:10:00,BDF4F14138C742E5959CEE8F8D55B302,0
683,2024-03-17 00:17:00,D3891C7B1D9847D4943A21FE8EC0B10B,2,4
684,2024-08-10 00:43:00,102CF13FBD6342569D2EF21813601E7C,2,4
685,2024-04-18 00:07:00,492FC9DD580D4673AB5D6FE3215EF058,3,3
686,2022-07-23 08:53:00,2A71526BE22048F7A617A72F66BC0C23,0,2
687,2024-11-08 17:31:00,EF40A85BCAEA41AEAFC02039A9D9FA15,1,4
688,2022-01-10 06:30:00,F1F97A49296E4EF1AAFD272F09075BA4,1,3
689,2024-05-04 07:00:00,B3A32479F90D4B2BB12C25DBE8A15B24,3
690,2023-12-16 20:17:00,4B9F66E1F5C6491A8C481C73BAC32B84,0
691,2024-11-05 02:32:00,A099A3D80B9F414A8C5CFF525B039520,4,4
692,2023-01-29 08:21:00,9C67C0A676294F54804201219E2D1BD8,1,4
693,2023-11-09 15:39:00,2CC92DEEE9C34C32BD49C3D83CB23F32,2,4
694,2023-03-30 07:16:00,06FFF86EAA124D14ADE3566F0D18DBD9,4
695,2022-12-16 11:35:00,67EB0C559683416FAAC01B7E7C8D2BF6,4,2
696,2022-11-18 14:07:00,5130A4AE1CC1448AA3B901E12F876611,3,2
697,2024-07-12 22:40:00,D7BE6514F1914DED81434E41AD5D2653,3,4
698,2023-11-21 04:49:00,0002A08E69C943F5BBADF58E7481EC05,1,1
699,2023-11-29 02:45:00,CB55174804FF48CCA95D8224B3584AC1,4,2
700,2023-02-13 09:40:00,3749092AD6D048948BFFFA51B35F9A92,0
701,2025-04-23 06:39:00,4ED2FEA4D6A04BDCB57F3694189FFEEF,0,1
702,2025-01-13 20:44:00,CF640FD15A524EFEA6FBDAB86628939F,0,2
703,2025-01-29 08:04:00,C9906AB3EE5B478A905565A5B28E1F0D,4,2
704,2024-05-27 01:29:00,E6B93F99B4D04B0A83377A5E34C84A34,3,4
705,2022-02-28 05:52:00,74B0E54D759F4042AF63E0764F850482,4,3
706,2022-12-08 18:35:00,49D4E2D0A7A547188897D5E4FE16FBA0,1
707,2024-03-30 12:00:00,0C4A619CC157482B9AC884B30C92349E,1,3
708,2022-08-20 14:13:00,EC065471D9294B4B8A44BEF2A27E6025,2,3
709,2024-01-09 08:46:00,172070AEA1F649D484FE276B81525B92,3,2
710,2024-05-12 01:10:00,B0D27DA0C5344EAEBFD1569E4B9C5A21,2,1
711,2022-09-26 15:20:00,4E14EBCB1CED484799E21F6EC8BE8896,1,3
712,2022-09-20 04:24:00,444D82DBE52A483499BF7A3211D9161B,1,1
713,2022-11-02 18:35:00,2AF644CAFF8A43DEAC5BD4C9837D69BB,1,2
714,2023-01-08 10:26:00,49CBB68931414FD9B105D58AE7FD9965,0,3
715,2022-08-26 18:10:00,015AC0D5145945F0A727644F8F1C26AF,1,1
716,2023-03-29 10:12:00,87E779FDA86744D3871AA0B320E80FCA,4,4
717,2024-12-03 13:35:00,D04C0109FA7D45438EE3263CE530E7E1,0,4
718,2022-07-11 07:32:00,98FFEA1AEAF34FD18A541F510CFA3D2B,3
719,2023-09-16 21:23:00,6522BF84773F4A8F8A7F8C61377462A3,4,2
720,2025-03-25 15:26:00,C0207AF3FB014BBD945DB0AA342142FB,2,4
721,2025-03-14 05:04:00,13E24671B48A4BA986AB88D5DB537659,4,3
722,2025-02-06 12:11:00,A57E3F076DB74D2F9C95B6DADE1B9C07,3,2
723,2023-02-09 04:44:00,5CA2D087D9C646899B6B3CBEC4AEA9B9,2,1
724,2024-02-23 15:30:00,DBE37BBBF15C47D9A1DC252734A86741,4,1
725,2024-05-26 05:34:00,4EB07C88B618444CB944F329FB12BDBC,1,4
726,2023-02-17 14:18:00,34FF5B17513547C8ADB1F97A72DE8D4D,1,2
727,2022-09-26 01:04:00,58B34BAC6F15497C9F7154AD2C2E8872,0
728,2023-11-09 22:58:00,E8F3725A990B42B0A4A5D5D4022F3799,1,1
729,2024-11-10 00:01:00,16D978C9820F4A419388F389066CB8A8,1,3
730,2022-02-04 07:35:00,B3D160DAE9BE418CA17A5E9CEDB77BF9,3,1
731,2024-01-10 05:16:00,E37646DF893F4D379C2E5E737963C5BA,4,3
732,2025-03-21 02:56:00,5C91230498504D8D8B46C136B5CA6937,4,4
733,2023-01-15 11:58:00,B5CF2A170275497C93E75C816C7CEFD2,4,2
734,2025-06-01 08:27:00,6B8BD78096A74575AE0F773920447E39,2,1
735,2025-04-17 06:23:00,C80947BD3DE8491F84D13A1099DE87E5,4,4
736,2024-01-25 03:31:00,916DCC163DCA4DAAAE761F912448EE0C,3,4
737,2022-09-22 04:18:00,3D30B8F679394047A827AD89CBAD719C,3,2
738,2022-06-27 03:21:00,369541F656684220938A4FEA632C133F,2,2
739,2022-09-13 12:20:00,9866B15E851444EA8D12DB689C6185B7,1
740,2022-03-01 15:01:00,BA50EC0BAE9A4B4495F7508C9019AFC0,2
741,2025-03-15 23:49:00,7F99F6632E8040EDBD968AAE3C87FFBE,3,2
742,2022-04-19 12:12:00,F7E1CB37D3464E219B0C458F52F12FFD,1,2
743,2022-11-12 21:53:00,0A7AA64C519C4582A19D0D19DC3879E2,1,1
744,2022-07-30 08:27:00,BB05988C738B4BE8A7BE55A090581044,2,3
745,2023-11-21 17:07:00,A255E418581944FABA41F1AE249C265A,3,3
746,2023-03-06 21:02:00,A5C000C493144020BE68D7C4D2CFD7D2,3,1
747,2023-10-31 23:39:00,31079A311D25444091060D097F37C4A5,1,2
748,2023-11-15 16:40:00,A224D58F83D0496998AE16683C741C1F,4,3
749,2022-05-14 12:02:00,84CAF27048BD4846833BC7A0BE2CA0A1,4,4
750,2022-12-15 00:02:00,5E6E7394D8B24A6188A99042F4AD96EC,1,3
751,2023-06-21 23:44:00,F0980FE846C74375BAC61F683BC65414,1
752,2023-06-20 14:45:00,310564A492C84949B3F35F36DB7C3C6F,3,1
753,2023-06-03 05:35:00,AB1E2A770FA5443F90124D53F2F01838,3
754,2022-04-03 11:44:00,6EEF55DCF58A4836AA023AF29C19DF2C,1,2
755,2023-06-10 09:13:00,B1C138725A3F473D9D84DCA9783A988B,3,3
756,2023-06-13 11:03:00,3F43A356570A4F7CA3DB51C736D3F92B,1,1
757,2023-06-24 03:17:00,EBBF92342ABF4B9F8C71081CB1C2A92C,4,4
758,2024-12-14 12:36:00,1D02C639CD634082AE91B819AB7DE76C,0
759,2023-04-02 09:57:00,1E28D678AF9E40F3AFCFACD9126DE51D,2
760,2023-12-07 06:13:00,C20F31082AED495FBBBBD6201355917D,3,2
761,2023-03-29 04:41:00,2F9244AFA4D643C0847004357EEDBF30,2
762,2025-05-02 06:36:00,FC47262F82474093A6E62D0C5803571A,4,4
763,2023-06-16 08:03:00,46EB21BEF3C4481E8A389473C4570D69,4,3
764,2024-01-25 09:45:00,4F0D7933D6E845818EEEF2079CC7F382,0
765,2024-09-17 01:27:00,BAD602413D0548FA8A3F9484EDAB2C1D,1,3
766,2023-03-15 05:11:00,89665C5AB02A45DEB80771362B6E8D55,1,1
767,2023-07-02 12:47:00,6F808F1B95CE4A97834EBE60E9B52A7C,0,4
768,2024-12-12 18:58:00,00F0E42770B54ADC9C5E6C59953FD30F,0,1
769,2023-02-28 16:40:00,4E56AA714C37417F9A9D54E24D7E5525,1,1
770,2022-08-25 11:15:00,52D7115DBD8F42B8B740471E3D594030,2,4
771,2023-08-20 14:45:00,6925AA4140604EFDB421C197F42AE369,4,4
772,2023-09-08 06:09:00,091C3F7D59BD4D3CA8ABFAF1AB998EF5,4,1
773,2024-02-27 23:47:00,7ADDE0C394CA4C528AB75C9C01AABC54,3,4
774,2024-11-22 23:31:00,08DD251825484F71A65598BEC0B4C87E,2,3
775,2022-02-04 15:04:00,B2CE093B36F74214AFEC3C0726A04B95,2,2
776,2022-04-07 16:45:00,35E1F84FF6344719BBFCF74CA916054B,1,3
777,2023-10-29 07:00:00,3B1E8FD30AE44FE7A4FF51065119C4C5,4,3
778,2022-01-27 15:07:00,8E3E87ACB868412496520032E9B51C15,3,1
779,2022-02-02 13:47:00,C84C38E34B174C7C85DB9795BEB92B3F,2,1
780,2024-05-25 17:33:00,EF14004C3192402AAD2B125BFC07B3C9,2
781,2025-03-01 12:53:00,65F9B54E6DAE416CB4475F15F79E893B,3,2
782,2022-06-17 11:46:00,1AD5BDBD07384949A5C47EFA2307AD9A,1,3
783,2022-09-24 08:11:00,E00C9654138849D9BB677987D3EDFE7B,0,2
784,2022-02-02 16:11:00,D776CD91F1A84105809E52F45C91A197,3,1
785,2023-12-24 18:53:00,02F02CE8B01D42438EA81399D27FABF2,3,1
786,2022-02-18 03:39:00,C20724F0A18A4DE5ABD983AEDCA901BA,0,4
787,2025-03-02 22:50:00,01B568BEBC8C40C6A48A2EDBC3FE41E9,1,3
788,2023-05-14 14:33:00,5F71283AC061495291515B35EF29E93F,0
789,2023-03-28 14:44:00,4C64AA75412240E6A527190FFBCD7224,1,2
790,2022-07-22 18:20:00,4AFD34FA54BE4147835E20F2F32F19C9,4,2
791,2023-08-31 14:04:00,2138C4389ABC44ED88E6E2D0F3B23698,4,2
792,2022-01-01 05:05:00,4DB0C2027B4C420FB7575CF338E63031,3,2
793,2023-05-11 00:07:00,207F4785A61145A78732A21D8D819ADB,3,4
794,2024-01-18 02:04:00,508EA90738FD4193A8D07A35F59DE581,2,2
795,2025-04-07 17:26:00,BA32179F895542259100CFFFA6396DAC,0,4
796,2025-05-06 20:33:00,350AD384181B470DB43EFEBB6E441DFA,1,3
797,2023-01-24 07:53:00,85A90B1B3AEE4842AB7DABDE83A2362A,1,2
798,2023-05-26 23:32:00,6F4968AEA8DA46B09262E87C2A658CED,4,3
799,2023-02-08 21:20:00,457D54F48D93423A9F90C81E9CD758A0,1
800,2022-08-30 12:40:00,AE1AEF746D254DF1B136B3875C0AC860,2,4
801,2024-09-09 17:18:00,994CF9DC6FF348BD8A35A2F2196FEB4B,2,4
802,2022-07-31 21:20:00,2762DC72EDA54A99937E76976962DC74,2,4
803,2024-01-05 14:33:00,C89A79489B0B41F3BA145083D7982D26,1,1
804,2025-03-13 03:34:00,FF88186A00C741C481551E062999FA50,3,3
805,2023-04-30 05:06:00,64E704399C704FBC94DC1754DCF0B8AE,4
806,2024-01-05 11:57:00,113E90D3C053436E90699AE04FFCC6C2,3
807,2022-09-12 17:01:00,4DCE5A4CA03A44E9A97631DF866A5982,3,3
808,2022-12-30 10:14:00,E8A9320D5F6A41CFB8E37508949EA196,0,1
809,2024-05-18 16:30:00,9C9B8953A2A04A7D9992073297BF522B,0,4
810,2023-10-22 01:06:00,503A7100BE3745F6814CEF27C5CB76B4,4,1
811,2024-01-11 05:07:00,0A25D0441B3E41D698EC2D9C0B440468,1,2
812,2024-12-05 20:15:00,4287BB6855BE4096A8AA00752ADC50BD,4,4
813,2022-05-22 06:39:00,D3CB20B5E3B64C07884CA17D7DDCEEEE,0,2
814,2022-04-15 05:27:00,FF2632E1237E4F2988B160729F3FE7E2,0,1
815,2022-07-05 09:44:00,AE1AD51CD87145D39404C4991538D4F9,1,2
816,2024-10-08 10:19:00,B7E8F6CA96554E3FAB74BA1E3B6F34E6,3,3
817,2025-04-04 09:15:00,9A9BC7ADC90D42F09791F2E27D0B4132,3,1
818,2023-05-25 20:22:00,516E40BE3EFB416F93165D76DD60B67C,4,2
819,2024-05-10 18:49:00,2D18A4070CD84252B4C5252EE8458943,3,1
820,2024-03-02 18:45:00,8F4E34AC98434ABD86687A07CEF2C2D8,1,3
821,2022-07-22 22:26:00,60CE5CC7FFB64DF7ADE2380EF652B1BD,4,1
822,2023-05-22 05:29:00,B90BEA199AB74C03A03722F9FEC32A82,0,3
823,2024-05-13 06:34:00,949F06AAAF8D49C2AF0910A43125A3B3,1,3
824,2022-05-20 15:34:00,FAFFBA06C0B841069F43D7EB8F0E4329,0,4
825,2022-02-09 02:18:00,526874E6810B4D95B7485978CF4FAD1B,0
826,2024-08-08 09:29:00,048C46BA6B9541AF8C5881345F5D256C,0
827,2023-01-20 09:24:00,E842F28549744037A8EA22582DDE663C,3,2
828,2024-08-08 09:37:00,778BE30DFE594BF3836D2B27C7FCA46D,1,4
829,2024-02-25 15:12:00,F617F424DB6F4120880E59A87E5E786E,2,1
830,2023-12-05 13:43:00,E8857551835C4E8CA8E63C26B6F8D843,1,2
831,2023-07-07 16:50:00,B7FD31A5C4284CEAA5F20F773420AA78,2,3
832,2023-04-30 09:12:00,C2674EDF907C4295BCAA631B6D91DC39,0,1
833,2023-11-16 17:44:00,34B95C2C748B44329DE4409FF97F8CD8,4,4
834,2023-03-16 15:39:00,FB174F0395884FEE912C60289014BD92,3,2
835,2025-05-28 23:07:00,DECBC1E289B34F9098D2B1E430C15F01,2,3
836,2024-03-11 19:28:00,68E384213F23425D9EE190CD97E7F0D2,3,1
837,2023-09-07 19:26:00,D5FC65EFDE4E4AB68D4B831257B666ED,3,4
838,2024-03-22 15:50:00,6893AC7490D34660A206BC426DBFB6D7,0,1
839,2024-03-30 15:02:00,8FC7ED253B2F4640B7D295D087122123,3,3
840,2022-12-11 23:38:00,4BE7F835A9924E6B91BF051E7109ACD5,3
841,2022-09-27 03:39:00,77DAD4ED803E4E4CB1596663397BCCD2,3,2
842,2023-12-07 01:18:00,1EADA227AF454E83BE30EB22F9AC4BB2,1
843,2024-06-04 10:47:00,B73149503C744F2DB731C80B3553DE64,4,3
844,2023-03-03 18:34:00,FAF2D4A07E5141CBB8E159AAF63BE403,1,4
845,2025-03-14 00:31:00,B908FF0D935444039DFD7CD3CDA6CC66,0,3
846,2023-11-23 09:25:00,906D5F01F52641A68DBA3143E6CE89E1,1
847,2023-06-25 04:34:00,1202187A94F346149F1197B26EBC4842,3,1
848,2024-12-04 06:03:00,CE7E4079F4A847BA8994B66722E6A9A2,1,4
849,2025-04-22 08:38:00,31E95B22646847B9AE62272DC4453849,2,3
850,2024-07-02 12:54:00,2D86E642D5E64BC1AAA806762E11480F,2
851,2024-01-14 04:13:00,CE6C39E8547F4918A3ACDB7F505511F4,2,2
852,2022-08-04 16:28:00,C28C5FE21795459393D813AE95AAAC4C,3
853,2023-01-17 06:50:00,0CEE5A61266C44A28D01316CA4ED48F6,4,4
854,2022-12-01 02:28:00,07EDF1A1002942788F3DC04FBA7C63EF,2,4
855,2022-01-15 18:48:00,3B013AF691D2460E9C9F6FE5435B10BE,1,1
856,2024-04-26 22:04:00,12DBF552ABB94AD087EE5A76A097E363,3,4
857,2022-04-23 11:45:00,DAF579D5C5F24F2D811EFC01B74E5345,0
858,2022-12-07 18:31:00,370EF972FB044909815FCBF141263A53,2
859,2024-06-29 08:47:00,CAFFCA4EF34245439681DA011BB28FD8,3,2
860,2023-02-12 05:30:00,D4BF18C88E6346189AE37B39BE0D2921,3,1
861,2024-05-19 05:02:00,D4F05885691A40299786D1CB4B822E2D,0
862,2025-01-10 06:16:00,6B89A30DC010480F8696F13A486BAA99,1
863,2024-12-01 10:19:00,293DE332FEA74F6697D140DF035F44C4,1,1
864,2023-12-12 22:02:00,E910EE5D2345443C9F4D37B7A23B23F4,4,1
865,2022-04-29 23:16:00,8D2B675A151B45FA90AFA1FF0FFBDFB9,3
866,2025-04-09 18:20:00,F7164A6309844351AFA6802A24B6F216,2,1
867,2022-05-31 12:29:00,1EBA277B6C314E1891B3A9C174843D05,3
868,2023-05-18 00:45:00,08AE85A4EB5D46899E225D7BA2676D7B,4,3
869,2023-02-22 20:33:00,D14B19C3DFFF45FD88C9C3B4542FB64D,3,3
870,2024-03-15 03:01:00,E5BB9FB40118406A953638AFA9B9912B,4,3
871,2025-04-16 11:37:00,299E12E22CDF422391321ED75AC128D0,0,1
872,2023-12-16 06:03:00,637B29FA98754686A6AC413AAB42BD75,1,4
873,2023-07-03 07:13:00,514D04CC1E104534B689A1FEEA3C8406,3,3
874,2022-04-20 19:25:00,2D5328B78B8441238B6D84E7BE4914AE,2,4
875,2022-07-06 22:53:00,B4DE0C38DA1E4037B25AEA74D06BEBC0,1,1
876,2023-07-06 17:05:00,188A5B610A7642C59EA7027D26A96B25,3
877,2022-10-06 10:22:00,6C45AD852E92493D9EB04717073DCE53,4,1
878,2022-06-24 03:04:00,BB79677DB00941AFA539E93B154C5FEC,4,3
879,2023-04-03 14:39:00,12F22B42F78B4C4185DC8A2BCA501CCA,0,2
880,2025-02-24 02:38:00,CCCB58DCACD54E9E8F56690FBBE89928,0,3
881,2024-01-17 12:06:00,9956811E235D4C23A1DEA09537467133,1
882,2023-07-28 08:40:00,173E5DDB645F402AA578DE2851EE56BD,2,2
883,2025-01-04 22:07:00,2B6B0C50CC694EC2B6F838AA3CC7BFC3,2,2
884,2022-08-20 01:53:00,65DFCC0120F84137A62A7D4C92BB7989,3,2
885,2022-11-09 02:23:00,9EDC27ABC53345D481F396F4A9713732,0,2
886,2024-10-19 13:04:00,3585C303618749999A1BFDA04ED4E4E7,1
887,2022-08-18 17:55:00,74391FE03CAB49BBB2D45CD10A22585D,0,1
888,2024-06-17 13:52:00,738DB7DD5C5D4EEAB4A2210002AFA617,1,1
889,2024-07-29 01:51:00,F233CF21719047738C5ED0156F5D10DC,2,2
890,2023-05-18 17:04:00,57A4220739114FDD8C3B7BB51688A34B,0,4
891,2022-05-31 07:47:00,690705D87226472599F3F4B924D0AF31,3,4
892,2023-06-07 14:31:00,3D8E1C6453CC41EFAA9FC915118A11DE,4,4
893,2023-04-10 08:54:00,CE577CD9C53D4572AD8BD0A0A657767E,0,2
894,2024-04-29 13:36:00,E6AC34A14344409CA6E6E0DBB96EA280,3,2
895,2024-12-09 10:13:00,5F55B6C88DA84EF2A7A79B93148B6E79,4
896,2024-11-12 19:39:00,F1C449C92FDD4CF39E134D682B4964DC,4,2
897,2024-08-30 02:13:00,DE485517B8784B22A44810C3A479D742,3,2
898,2024-05-01 06:59:00,048B3F7F228646B3BB149A2DE4BA33BD,2,1
899,2022-05-05 00:20:00,125AF6E20FF943948FC8254C80347796,3,1
900,2024-09-24 02:40:00,D0258FF975444BFFBECC39F9C9D4EDDF,1,2
901,2024-02-04 20:02:00,54C1F8F84DDF4B998579B5EFEA822F78,2,4
902,2024-04-01 04:17:00,6494DE604FFA42D799361F3AE98AFD8A,4,2
903,2022-10-04 05:21:00,34E76441AECA47AF92F0227BA40C463D,0,1
904,2024-11-21 14:49:00,A38D628C8DC74DAFBB8F50260383B203,4,1
905,2023-08-19 11:46:00,F256A05132AA4E109970A9AD39726485,4,2
906,2024-04-09 18:12:00,F6842DB1928D45C8B54BC87D5871CDEA,1,4
907,2023-02-18 23:40:00,469CBF62B9D54B41901B3B28B599AC08,2,3
908,2022-04-18 02:45:00,1878FFE98DEB489F9C5D86E6B05130AA,0,4
909,2023-04-25 21:26:00,84BA28F78E854C46823CE222CDC77B7D,3
910,2023-10-30 19:11:00,DFABBCBCBF2A4507B46DED7401438AC9,4,1
911,2024-12-05 19:44:00,B89417EFA527427E8799D4179CDE02DB,2,3
912,2023-03-17 09:39:00,1F7954A936BB4294B6A02DE6F5688A91,3,3
913,2022-12-20 12:48:00,3F4A8FD2268243659F5A43F707B27997,4,3
914,2022-04-28 09:09:00,81AF7E0B10044C8C931E1F92CB3AFFE1,0,4
915,2022-02-10 16:03:00,160AC8AF98A549349D7146A06D68FF7D,1,3
916,2024-06-15 09:03:00,1DF9639E8B394CE7B9B83F012FC56112,3,2
917,2024-07-29 12:22:00,F380BA1E7FC94EC4A7797ACD533DE3A1,3,4
918,2025-04-24 09:36:00,E26F91BEBC2C49A2A40F1C7A36BB64F5,2,3
919,2023-08-28 18:20:00,946E9DA94A684700993C408AECDA4843,2
920,2023-08-30 15:42:00,48F9EF002EE84B7096D7EDD73A8980FE,3,3
921,2024-10-12 10:21:00,2899D63CC9FF43108967C8ADD420E0D5,3,2
922,2022-06-04 21:57:00,0AB4CD34086741F8B51CFC8FEED755AC,4,1
923,2024-10-24 11:32:00,0564AE6984B14490A5766A8DBEC178CC,3
924,2023-04-02 20:20:00,D3EBAEECD1D0493AAACD6F6A99A00B2E,1
925,2025-04-16 08:01:00,014C495315BF4D298582B42A43EC201E,3,1
926,2022-05-10 01:19:00,B78E5731B48746D885EC83D39CA318C6,1,3
927,2024-11-15 13:15:00,43A8C03B80EF4544B3A86B62DE647D4A,2,4
928,2023-04-12 23:25:00,4537C6222402496DB5CAB1B052F6AB00,2,2
929,2023-07-23 05:30:00,42E69B5860124CDE9C8296CD839861A9,3,4
930,2025-04-11 02:53:00,4734E85A0A5947DAA9E2A4883F7DD95B,1,1
931,2024-10-22 13:37:00,A9153472D988445CAE301FD4069B71E4,3,3
932,2024-09-10 16:56:00,C5468A89334F42B9B126D612F4C68C8C,3,4
933,2024-09-10 03:40:00,FDF628F7800648B58CD4AF44CEF8A479,2
934,2023-02-23 03:01:00,46F3DA0B566D438EB62ECC5F47EC91E2,0
935,2022-03-12 03:06:00,BD7B68A729F0473EB5A02CA7A812E703,1,4
936,2023-05-07 06:33:00,BEB1A7776A554641953EEA932D3A7F0A,1,4
937,2024-04-23 01:21:00,A17C432E8E264AA09F26FC28AD9CC232,3,1
938,2024-11-12 07:12:00,58AF417394744E56BDD7DA109F4E2B03,1
939,2022-02-06 18:37:00,1DA0731D5D2649E4B3791FC94F580386,1,4
940,2023-10-30 16:56:00,83E80172B9944E309B667A9A63729EE1,1,4
941,2024-07-21 06:38:00,00E0406CFE154B558E7BC988DD4CEFF5,1
942,2025-03-25 01:44:00,9041AEE224F1433D9F6C1726C214E940,2
943,2022-06-02 16:26:00,FB8DF892CEC349F6A99A1D65438659EB,4,4
944,2025-04-21 03:17:00,48ADAF2C9E90471B8B485625986F3DF7,3,1
945,2023-03-14 06:05:00,4B070A59DCCC4234B9AF6DCAA03C84BB,4
946,2023-09-17 15:22:00,696DDAB0FD4641C0B5640B8B765FAA16,2,3
947,2024-12-10 04:59:00,CC0D6304416A4DF3A163BAC672343B3F,3,3
948,2024-02-26 20:40:00,637591A66D3040C3816C6C8067E891DC,3,4
949,2025-02-25 07:45:00,B775C9C11E714843B1565CBC122596AB,2
950,2023-09-05 17:28:00,2A45BD6E3B2C4BE0B11A5A4239091CE0,3,1
951,2025-01-11 02:21:00,3829720D0788441F8FD68C2E62477923,2,3
952,2025-03-08 23:47:00,F88F0DE4CBB24D45A141827F0F91BD7E,4
953,2022-03-07 11:49:00,E2CF525DB95544F0AC62547BDA554C75,4
954,2024-09-02 06:11:00,97E5C03E0B1B402C935F7CD0DDF08B17,2,3
955,2022-01-29 04:43:00,6474977463AD434C937BD3F7B734C3FE,2,1
956,2022-06-24 07:15:00,E020F2BAF3014C62A79658D5572CD6F3,4,2
957,2024-07-10 02:20:00,A1338A10B9594E9DAC1B8B466BB774E4,0
958,2025-03-04 10:15:00,829D6B50EFC948AF837484B12EE73EBA,0
959,2022-03-10 15:58:00,80E9C758C2C4478CB45DD8526188D792,2,3
960,2022-01-26 10:20:00,B7FAF810BA8944BC9306F3FB929FB298,4,1
961,2022-12-27 15:18:00,97DB81B02618425DB4EB87C5058FCA21,3,2
962,2023-01-14 09:25:00,221A93149321411092540B9DF29A118D,0,2
963,2025-05-22 16:39:00,6C9794FCF8CE400BAA25B44FA7B3F360,3,4
964,2025-04-16 22:46:00,F18DCD08D5C1464EA144E454CDC49074,2,4
965,2024-06-19 22:14:00,E69B0119140249B8BE75D0FCABC4A200,2
966,2023-02-10 16:35:00,3C56B93C404F42B2AC82FA0898769FD5,0,4
967,2022-05-11 21:08:00,F6744C1DA01B460DB7FCE56CCDB80F31,4,4
968,2024-09-06 19:08:00,9273337C44DE4653AE22685D99B66A47,1
969,2023-07-25 11:55:00,BAF64B8FA2E246C1B7DDDCA16E3CD624,4,4
970,2022-11-21 06:15:00,C39DFD9074464F36B625BF23B8C974D7,2
971,2022-05-03 13:53:00,3A3B94DCCE22488487CA38BEF2F306B5,4
972,2022-12-07 20:14:00,45AE871D284A4A04B14727510545D1B9,3,4
973,2025-04-04 14:59:00,BBE6C4EB250F445E9745954AA8B48FB4,0,4
974,2022-03-18 13:59:00,3FD5B26895054D6280FDBD615ABAAC93,4
975,2023-03-11 20:47:00,A1DFBE541FB64E32AAB3DC9E56E0F05C,2,3
976,2024-02-26 06:31:00,E608AD942193483BA29E307E5290A919,4,4
977,2024-06-01 11:44:00,024FC582E62940D7976E4893AFFD69D4,3,3
978,2023-07-31 11:33:00,C6273D10BEDF463E9EEF59416565E5C9,2,1
979,2023-09-11 17:20:00,8D1E8058396B44E2A2F04DACFD457516,0,1
980,2023-11-06 13:52:00,1CECC2BA0C3A402B92A0F6B63C27B016,3,2
981,2022-03-28 19:03:00,2F7BFB4C74FF4A3BB2A12C3134C5B482,2,4
982,2022-09-18 14:57:00,24D88249A4014DDC9BABD541A16CFB1A,1,3
983,2023-12-10 05:26:00,071F2D7CE1A9411792035521D4874E0E,1,2
984,2023-01-09 16:46:00,B15B9FA212C74360ADA546742E9E5319,1,3
985,2023-09-26 01:29:00,B73B217D45874800AE624036A59C15CC,0
986,2023-02-05 13:31:00,700EA77992044EE08E15CC22CF48317B,0,2
987,2022-12-09 22:51:00,8D5827B0F30044049ED3DAEDFD6D9B00,1,4
988,2023-04-29 18:14:00,8FBAC6FEC1984F60B73EADD54063F52C,3,1
989,2024-03-06 09:42:00,1436DB8761C64D548029F3EFFD347143,2,1
990,2024-02-22 01:05:00,60D736B5A7A84BBCA8D4442A8990EA21,4,1
991,2024-06-02 05:21:00,4BB644706F6B4E79B8477CBDAA8632A8,1
992,2023-07-28 23:10:00,21C4677348BF44DBB7218BD887C14673,2,4
993,2024-06-05 05:31:00,9B0D63A399DF4F99B1A7AC764DF94118,1,3
994,2023-03-11 08:55:00,9A7BD2BFC29A49D788088169E68FFFE3,3,2
995,2025-01-11 04:12:00,6721A1ADCC024C3AAE7C8BD2C4995481,0,1
996,2023-12-26 15:22:00,BEFC4673292A42CAB28BDDEAD99C0020,2,3
997,2022-05-18 22:38:00,ED0CC68AD046403A953F17DC7DBD1F0E,4,1
998,2025-05-17 06:26:00,F9FF1468DB574F40AE01BAE35C70479C,2,3
999,2022-06-11 01:58:00,3A74A677EA2B4344AF58DF4801EE05D6,2,4
